email,hash,firstName,lastName,type
0r1lq,xm86m,a0h8fi,9slnh,RECRUITER
6s3a1,1vua4,sp8wp,mldpe,RECRUITER
3o1hm,qxiye,1nv0cg,7tyhj,RECRUITER
0jyf1k,339er,1hn4d,z44h0i,RECRUITER
tmjdfh,l6ssg,m1h26,h1rsv,RECRUITER
rc3lg,58vwxk,vvgjs,9zcom,RECRUITER
i3lwr,0b2hc,gko0p,ruv8v,RECRUITER
ru2exj,lkimdf,cbi5y,l2j5g,RECRUITER
dv72di,r25cs,8qk4y,pjhhr,RECRUITER
4c0yn,vaozw,m4g56,8r7xp,RECRUITER
jxwznk,fnoi,frxri,cfqdif,RECRUITER
ld6twj,wzgs1,cp068,v0wxq,RECRUITER
urd39,zjmahk,lsd5v,9j3ge,RECRUITER
lwmw4,8uijxf,xjdtm,fq2h0i,RECRUITER
7np94,j8s6s,a41ycf,8dn5,RECRUITER
paork,jx27p,9kylvj,5vwwc,RECRUITER
efpdn,3rmuw,tdoi5,4fqbf,RECRUITER
q99u4,dbtri,lb2r2,76a8j,RECRUITER
vccmg,ahj2o,wular,3bs7j,RECRUITER
4m4zk,pixpc,iponn,78pe5,RECRUITER
wek1j,wmo2g,gxthsi,v0p6w,RECRUITER
5fwy4,ihzmt,k0rytj,cwub4,RECRUITER
z8a16,yucdo,s4j8w,7f7qeh,RECRUITER
af6fd,ejzwn,alwjs,aw37nh,RECRUITER
pfli5,zpx39,innff,lx6qa,RECRUITER
iq11n,svb7y,3axw4i,9l5km,RECRUITER
sfgsmj,d6f1b,f7zybl,0jv8y,RECRUITER
cwlz4,vidp2,k0ulx,rgkap,RECRUITER
h38pz,ogjq9,a5ikjj,8353v,RECRUITER
mcbwr,humli,2pm5a,tn2q8,RECRUITER
tgp4v,ezif4,5kql1h,4viw2,RECRUITER
z07jd,51o6e,m59jm,435qa,RECRUITER
esp4ig,onvkuk,vc8hz,jjdw3,RECRUITER
rs628,7g9wi,q5sqo,2p9ln,RECRUITER
n5xmsl,07ehd,42imo,mx7nv,RECRUITER
i1x9ej,tu2xj,ngqo,exktyf,RECRUITER
a1uz3,6ay66,xvfil,36ud7h,RECRUITER
t3t46j,djxyh,5cjbg,6f6lt,RECRUITER
8t140g,dl3bt,09mhg,8jsjo,RECRUITER
rn1ga,mq2jq,vjkr1j,waa5d,RECRUITER
pc355,ccyfj,aaoi5,udf8tj,RECRUITER
4n0kz,fx7np,0w6y6,8m6z6,RECRUITER
x1rzk,b5wrb,fh5lgl,5c4nlh,RECRUITER
r6wrj,j13dv,ccktk,qk463,RECRUITER
ggteaf,5my0r,n6s8y,iv9eyi,RECRUITER
xqe52,ikpbq,cu0sa,huxu6i,RECRUITER
u7577,d6jtei,64nv3,1av1,RECRUITER
zenrk,q17vo,3vs9d,0a222,RECRUITER
4vn4d,v2e5,fn6dr,80r0i,RECRUITER
vw1d4,ggv6b,zklce,d2zr6,RECRUITER
---
description,requirements,recruiterId
4aug9,["x8klh"],20
zavfg,["4ifox"],14
k6i6k,["epswg"],40
0y4ok,["43del"],49
af3yz,["2g8ex"],4
v5l8s,["bq0i3"],15
92h72,["gqvcp"],18
n0o1b,["t5jin"],18
trciw,["ueh8z"],32
frzbc,["lkj7f"],48
lixdok,["3jn6k"],22
7cbldh,["7xqly"],42
qpmjs,["lx5t"],15
i35j7l,["v20n7"],13
o3up9,["y9yjvg"],21
tqx98h,["um1acf"],27
j8xyd,["c6tae"],42
7hdl5,["o63c"],47
zjiml,["tdtx1j"],14
3bjach,["o4229g"],24
3hmot,["grfnrg"],36
tnwljl,["b8p89"],41
uqpc,["p44lh"],16
f48w9,["k31eu"],49
d5x9t,["exs11"],46
g6ukc,["wyskyf"],50
imz7x,["fppy"],29
rba54l,["gsmd5"],27
gh9yo,["0vqxl"],33
jukjfh,["h2dkg"],11
95w9a,["nv0mi"],49
06q7ck,["0z1or"],42
kjoeoi,["1wzum"],38
yop5q,["707fwj"],19
qaqwp,["na9og"],45
0zden,["s2khe"],5
bvtea,["2kui9"],13
ldype,["x9mzf"],32
aex6x,["qbjuyg"],17
xp6ue,["4v1xhi"],2
8at77,["djzzf"],33
apl5rg,["x2hwsi"],33
74bm6,["epf2wf"],15
2rv3l,["mducgl"],8
aod9v,["2oo1n"],11
yvyl5,["tdzjh"],13
zadjz,["hs9da"],28
ioj4bh,["i280e"],3
r8vpf,["565uy"],1
emgskj,["icavi"],13
dfr3v,["uis91"],25
g6nej,["ohyma"],3
garcig,["ok0kc"],19
e2j6g,["dwitk"],11
unmwt,["uj80i"],40
34yx9,["dk7dgg"],18
3879n,["s6m3g"],15
kpwip,["6l2jl"],31
2hjx5,["mbst3h"],13
7vn97g,["7noui"],12
58pb3,["4oldc"],1
jk78z,["70kpm"],6
bxmgd,["fafl7"],19
2cqzmj,["9yvjo"],50
6xkon,["cbqcg"],23
8nkxf,["x5qjh"],15
a7v8l,["ulpg7"],25
81eke,["xs1ji"],41
c580o,["z6ygq"],42
6elim,["ayddj"],34
ecpbw,["3934t"],28
5g9f7,["f54bs"],36
qozzz,["zz9x9g"],13
e7t4v,["nv09s"],15
p4beo,["g19gz"],31
rb0gs,["adcu9"],29
iwk1hf,["qpml9i"],5
inqdc,["vrg22"],19
c22ef,["pqkxk"],42
r04yx,["g0etp"],1
3hlw3,["etkwll"],13
gtaxt,["mt51bk"],19
t91d,["7lgqn"],27
qouqt,["aql81"],26
nrtvh,["tm4e8"],38
909ks,["5i44r"],8
3qjox,["lxgj5"],25
dpfw3,["mio0q"],5
khy45,["67kcy"],47
sbxxc,["wo6y6"],32
mbzbbk,["rfzt5"],48
8dmp4,["wsr9r"],35
m714k,["8rtyhf"],8
8xx34,["lhpqf"],14
4t84c,["6p0eg"],39
a5ctw,["5vc5b"],14
fn8a9,["n2r56"],14
h3jfz,["7ncxuk"],30
66is2j,["270e"],31
kbag6,["hrcslf"],49
471rgk,["hfqmv"],25
qm67l,["ufyd9g"],49
p4fftl,["0h3ct"],39
098qbj,["t19qoi"],16
8mz2z,["co9wr"],10
f2hpf,["p570bf"],27
8mwhb,["hlv18"],9
0gyth,["p1oyd"],8
0uxl,["xqwu2"],32
4hp5b,["iw40u"],50
6mfv8,["19hk6"],8
v0zup,["ml4a4"],8
4y47k,["mnuy"],41
2il1x,["t1mlr"],32
6oxab,["ay962"],41
a0ix3,["5emo2g"],8
ilugr,["nh5ps"],40
vonrr,["d6fxo"],16
cs5jjk,["36t79"],3
8sxmo,["y48jw"],32
ndwb2,["jh8m4"],36
vgo7c,["q6by1"],18
9yklgg,["dbspz"],39
herzl,["8qnbi"],6
hoee,["07t4"],39
2vkzbh,["b0d7o"],14
93jjdg,["uq6qi"],19
4qtcg,["vshjx"],6
h3smf,["egmm"],24
723yc,["t2qcl"],10
isg10i,["19r4i"],29
1039c,["6bo9l"],41
e218hg,["t1v73"],42
zgmmh,["t1507"],6
32afyl,["xhh9ph"],33
pixun,["ho5y9"],20
ovddx,["mm0af"],26
6tol6,["60rjt"],44
fgk6qf,["iv8hk"],30
3zmm4f,["eeqty"],3
18d8l,["m0x98l"],10
i5e6y,["f35lok"],27
ek16nk,["cmmaj"],16
m7rpv,["revz9"],21
shz3u,["pmywb"],33
78xed,["xedfu"],41
zfvq7,["edccy"],43
7n286,["6mbfv"],50
zdvsf,["61jbh"],11
ulddl,["3n9bb"],50
---
email,hash,firstName,lastName,type
3m8pq,33tq,mg9gk,03w25k,CANDIDATE
ld1xt,v5snth,oodfyg,6ydml,CANDIDATE
nlq2b,gd34d,nmnni,2rjcei,CANDIDATE
55yu1,njc9bg,c1k1y,ycax4,CANDIDATE
3m51z,ke0sd,c6bimf,rq97s,CANDIDATE
ptb2f,d287w,9wso9,ztpep,CANDIDATE
dfck6,zubdki,e3rnxh,urdt9,CANDIDATE
nd3ua,4oiwjh,2hywg,tr371,CANDIDATE
rqc0z,f2wxd,j9eud,td1me,CANDIDATE
z7t4m,3dky5,hiiti,zylfc,CANDIDATE
pow1ii,y03dc,ih01o,k0j24,CANDIDATE
m6v6a,18hp3g,fhivcf,zg0sl,CANDIDATE
cmnr4,nx158,iifpc,3bkap,CANDIDATE
uht6mf,1r1qz,ghbujj,g73g1,CANDIDATE
6b9ew,7166d,87d6j,l5ni1,CANDIDATE
sjptb,v4v1j,dxilc,ues05,CANDIDATE
9cly6,vibvk,9xi5c,zspaz,CANDIDATE
3zqvqf,8x3h5,ixbyg,zdex1,CANDIDATE
zsmwv,ndt68,xnz0z,y0dj5,CANDIDATE
99qf5,q12xnl,xivraf,2rd4v,CANDIDATE
62l0w,px1rdg,rcwkl,arsaqg,CANDIDATE
hb4bf,jskf1k,wrfuml,03sn8,CANDIDATE
3vnkj,81ulf,l96p7,nod1q,CANDIDATE
tgzo,iig4f,67hdg,82s6a,CANDIDATE
0jclii,h6waki,wfkuj,g58ifi,CANDIDATE
dgy1q,pmg37,lic5m,5w08hf,CANDIDATE
9vk8a,19sq9,61vpz,8fvrh,CANDIDATE
lf5cu,tdmsx,1754i,i3vvwf,CANDIDATE
3rur7,diapb,oa2ffh,skxdl,CANDIDATE
nfbodl,opy2c,w2p94,sx78a,CANDIDATE
uvwfu,804vx,t8eny,2jfue,CANDIDATE
ze5kh,1slpw,14b1uk,qzspz,CANDIDATE
gladhg,a7fj6,nagaj,g3oym,CANDIDATE
wfsj5h,02jwz,ucejv,4ft4e,CANDIDATE
93nlc,o2f9d,7hroi,ovmzu,CANDIDATE
inu9w,8rzi3,9vsgw,8bf2j,CANDIDATE
exh8t,s3oke,6ik69,j2nlt,CANDIDATE
b7yqb,vm5l0h,ry93m,p65jo,CANDIDATE
m15cph,mhzhy,l2mvh,gwnaef,CANDIDATE
10jon,g27i1,p21is,36d7e,CANDIDATE
ltj47,aq1fz,zbj5k,l2xd6,CANDIDATE
9ljrf,abq3fj,m0qhpf,yi2ssf,CANDIDATE
ugz5n,g10tw,qqcvhj,x99fh,CANDIDATE
4wcq6f,jp6a6h,wy12w,osbj4,CANDIDATE
sadwl,qo7mwk,tfd0g,11tr8,CANDIDATE
2a467,835lq,ibd6n,mxjz1,CANDIDATE
zjz7k,kym63,3dl93,x5so9,CANDIDATE
waede,tcnzrg,dqrx3,38wh1,CANDIDATE
9ez4wg,aof1ig,tjul7k,nd8hd,CANDIDATE
akbt8,f63e7,bckhy,c62kg,CANDIDATE
quhei,z1cek,8c50e,qfota,CANDIDATE
zemcg,qcr52,4tu8z,opfbd,CANDIDATE
yesrs,plzos,dr9kv,j6bf9,CANDIDATE
hop2qf,2v3yy,05iok,xzo3m,CANDIDATE
yrlik,ceimc,z7toej,0ev4c,CANDIDATE
4iqwbi,6jhdh,a6q8d,g5sdq,CANDIDATE
usoami,p0m52f,om61n,dewmj,CANDIDATE
2fu66,0fclv,fwwfx,xh961l,CANDIDATE
gzehw,a3r66,4n0jp,tfdp1,CANDIDATE
1ozrt,702fh,r067b,l50kg,CANDIDATE
bxzu8,359to,uo1mb,hdszn,CANDIDATE
w9mc2,2gygwi,avvpw,0u3eoj,CANDIDATE
rq44s,xp5wk,dx9m8,vnl0y,CANDIDATE
xtu0e,5im6t,68x7nj,huhf3,CANDIDATE
t82k2,50d8sl,5vzndl,vpr61,CANDIDATE
5o4fc,ivf1ph,wxfgm,z87l4,CANDIDATE
5btqy,bgvzy,admmq,ngp4a,CANDIDATE
evykuh,84lac,gynnaj,exm1p,CANDIDATE
pl2nr,rau1t,dgvxi,chr9b,CANDIDATE
vfealf,vodkth,47plti,gwuc4l,CANDIDATE
ywddz,6tzpsg,vjl3n,z992l,CANDIDATE
mzig9,7fn2f,w5ak7,lllxrg,CANDIDATE
z419g,56u4q,hgksa,pk4blg,CANDIDATE
ji61l,jdb4x,iy2vi,j1nnt,CANDIDATE
r1hdvl,mkelqj,8fsal,licef,CANDIDATE
mlg7m,wnujj,cisau,5yonal,CANDIDATE
t9wexk,dtq9p,rj6b1,h1f37g,CANDIDATE
71exlk,jnzhf,kh56oj,8pu16,CANDIDATE
q427b,by6vf,lrfy5,6o8q5,CANDIDATE
ljixc,bnpvi,nb509,yleha,CANDIDATE
xxcc6,mvr4j,v07qb,apu5w,CANDIDATE
xxx1uj,2z34i,nrujs,947ns,CANDIDATE
avb2e,v7mu3,tqam2h,0inxm,CANDIDATE
bdpx1,q6ley,lvjp1,bmvm1,CANDIDATE
vkwzh,dhmdt,j2551k,nkqcjl,CANDIDATE
lkfjm,h7vh9,pj15f,iuuar,CANDIDATE
7hobv,zjr66k,f3lar,g91p7,CANDIDATE
9kx2j,jip45h,bbjm9,bazowk,CANDIDATE
s75b3,vl7bj,c0wr3,rm1la,CANDIDATE
uikklg,6bghh,en8,1swf6,CANDIDATE
fw5tsk,1z81wf,ew6ujk,2jt,CANDIDATE
5dui1,f7372i,jomc5,2jv2v,CANDIDATE
5coa,3tthq,5kk6dh,vwg7g,CANDIDATE
xegyf,rn1g5,zywzo,k6vuz,CANDIDATE
1cusl,3b4wj,zcj1l,9iuat,CANDIDATE
pg65e,1fbpg,i4oaj,q8t6p,CANDIDATE
rict9,c9z1ng,lg86xj,ic884k,CANDIDATE
b9fti,li8c,db60t,krrsu,CANDIDATE
yk3mr,de21u,3htz1,k5e8z,CANDIDATE
u8a,98j19h,l0p3c,bv1ol,CANDIDATE
nexbk,mr2uqj,gzxnqg,44uoh,CANDIDATE
spqfx,n5gp1,41eiu,2iiruj,CANDIDATE
ce366,dfpcc,61o67,mh2d2,CANDIDATE
9j1me,3ynr6,6fced,l0wvu,CANDIDATE
yz2tc,jrtach,di73s,rn3n5,CANDIDATE
ntg1e,h2w06,w3mvj,vqr7j,CANDIDATE
a9ftr,sqfy9,3jorp,ev6w9,CANDIDATE
w88vs,rpilk,ydgk8,0juwh,CANDIDATE
yl7c4,y68xm,oixv6,wr2n3i,CANDIDATE
zbwdh,ootb5,73tw2,d7uu7k,CANDIDATE
84ypr,bhlzm,zc5rh,lhxfz,CANDIDATE
4joh3,59u4al,cz5kr,0mxz9,CANDIDATE
xjdsf,u8ys8,4rkc0h,1scdw,CANDIDATE
nntoz,thjwe,z2oae,jtz6h,CANDIDATE
j4zo,q704d,5da8m,4afco,CANDIDATE
aqpwoj,9bvxc,5wz7g,64w6c,CANDIDATE
g2lva,dy9c2,svkhi,6ipg1,CANDIDATE
3mteo,ljjcwh,8klz4,zj0cj,CANDIDATE
v7t0g,ac4s5g,d7e8d,x2zpw,CANDIDATE
0j82hl,srh9x,ligyp,w9huj,CANDIDATE
quoc,hl69a,7ofol,xxbuf,CANDIDATE
k72ja,xnfg1,jqzub,grncjj,CANDIDATE
lz7n9,aeo2m,6q988f,7bely,CANDIDATE
traqe,ihbmui,v9s79k,updgj,CANDIDATE
r1g6e,puym7,hjs2ik,y19gg,CANDIDATE
dunqv,vo323,d9wdz,25tnd,CANDIDATE
q3a1xl,8h6ldg,bwp9tf,339cr,CANDIDATE
72lw3h,7qimw,0v1l8k,i28hl,CANDIDATE
fepq9,3h98i,9rcog,0sf7t,CANDIDATE
abnvs,tscckg,wcc24,95yadg,CANDIDATE
zp3bl,rgxjag,7mwjq,vlsmk,CANDIDATE
e0cm5,lqeumf,dqh23,tf06r,CANDIDATE
o64bl,t706pl,1bqpp,i2x0x,CANDIDATE
jw50p,5c29q,jyggg,94mx4,CANDIDATE
youv3g,2ehco,ts9ly,pn8r7,CANDIDATE
cils5j,yoqczf,9vxlt,c8v6f,CANDIDATE
d7zuzh,hawca,tnxmk,rcusj,CANDIDATE
j78e2,dzysm,ywdghk,6vi7r,CANDIDATE
op4rp,c3fxti,7vpjx,x7kat,CANDIDATE
vzitp,hkx9l,yxsigi,nsnyt,CANDIDATE
oefthf,b7s8u,9vxft,rjf0x,CANDIDATE
h6akh,tsf8p,kbw5x,pm5hq,CANDIDATE
v79zv,0y9jp,x1bzc,1fyi3,CANDIDATE
zwmlh,2h676g,vqjse,b4ijgl,CANDIDATE
vulk1j,4dh49g,gys7y,5ipaz,CANDIDATE
h9lyz,rvd2x,b4kp7k,7038f,CANDIDATE
wwgco,vipfc,1cvaq,jhio7h,CANDIDATE
7na4kj,2c3q6,ot0cb,hh82b,CANDIDATE
yv5w4,dtzp8,okg1m,ogvzq,CANDIDATE
kgml4,8cv,u1iaw,4g9q6,CANDIDATE
pcz4b,hbymt,42pce,hbipm,CANDIDATE
g49hi,4jf4n,sue04,v62vb,CANDIDATE
v09lb,5e6zq,ef2sn,td711,CANDIDATE
ci41c,jzgq3k,7nvzg,hnnyb,CANDIDATE
o1e96j,cy8dp,jxljx,urj2m,CANDIDATE
040jb,iv2vg,hxap0j,tvaw6f,CANDIDATE
pnzno,gbjqi,34u4m,6q3wk,CANDIDATE
h3jct,9c868,crvpp,obvbs,CANDIDATE
sxc7of,5qol3,pg91l,ra8gc,CANDIDATE
h5ue3,3e0mv,ptk57,auffe,CANDIDATE
q15n,3ii27,qvhb5i,rdk2a,CANDIDATE
c0y0p,gojvb,cxjvb,3by0o,CANDIDATE
woksu,v13gd,1nr3l,y46kp,CANDIDATE
xsr9a,tz2b1l,pgfay,rk5c7i,CANDIDATE
cqjb9,19za3,u3uob,b2qbj,CANDIDATE
gyzm9,ylyn7,x1xr5,07fyx,CANDIDATE
v0awn,lejry,hyoqm,fmmnv,CANDIDATE
cprve,afc3n,70ymi,z6up5i,CANDIDATE
93c1s,2xyczh,z1i9t,y2vev,CANDIDATE
o0njr,0l5wr,p72di,bfd1b,CANDIDATE
jswxq,4p8y9,7q8u,3h26sj,CANDIDATE
kzdi6,u2syyk,rqqtmk,poc1dg,CANDIDATE
eou1e,lgwps,1m4kd,csb22,CANDIDATE
odw38,ubonc,tr7s8,r0iua,CANDIDATE
hucl9g,kbojf,r83s8,0zal9,CANDIDATE
9c5fm,gd490l,l48a3,r7z3tf,CANDIDATE
s46vj,95dwr,kl2zt,gn7pr,CANDIDATE
m745r,w2kzcg,a9q2h,3igpx,CANDIDATE
1r2s4,zag3jh,43gzm,5ka31,CANDIDATE
o76hq,tm1ux,5b4yz,codoll,CANDIDATE
yfctz,1ne7h,sie0d,g37tq,CANDIDATE
mnyma,wpoad,i6398,oxt05,CANDIDATE
majkr,4y2nl,vuc7z,e5bzs,CANDIDATE
csb9h,qvednl,7uqn,96pbrf,CANDIDATE
hcemuf,tpltp,72mve,dkx1b,CANDIDATE
zj502,1wvjei,56h8q,11t11,CANDIDATE
fl0ag,c6tyfi,ixtho,pqs3t,CANDIDATE
juce6,0pbr3,mb7pp,be68fh,CANDIDATE
hxnu8,nr9lz,amz2a,z7dat,CANDIDATE
q11xpl,848wk,i1m31,52k41,CANDIDATE
my7h3,292yy,akpxvk,1p60c,CANDIDATE
9xk5h,ez0nf,ql5gzk,n7jig,CANDIDATE
2j40h,8pdyy,w9a6yj,mfch4,CANDIDATE
la4dkg,ewen9f,uzyto,dzbjl,CANDIDATE
4lxxt,1vy1uj,ulgm,qvrtf,CANDIDATE
6aj6y,k1z2p,4nao4,py4qvg,CANDIDATE
u0bmnk,1rts4h,p50o9,3suji,CANDIDATE
8r6pf,i3nd1,0elzf,nihvp,CANDIDATE
axg74l,zxfp6k,1iv1w,x4w6m,CANDIDATE
ys6sag,08de2,nmbt9,tvc38,CANDIDATE
8a251,ivs3u,mzll7,mxlhp,CANDIDATE
5kucj,nevad,jckcu,td6hi,CANDIDATE
f8cjz,d1g9l,k606i,6f38g,CANDIDATE
69llw,ts12dh,rmoefj,lqsbm,CANDIDATE
2sihq,8kp5rl,0sv87,gsugn,CANDIDATE
fyirw,s5d12,0mi5a,rpg98g,CANDIDATE
69ei5,6iojrh,l2rrkg,qnf0r,CANDIDATE
m5pyb,joxlkj,7cc6v,02lkv,CANDIDATE
9t5vq,lvho2,us2dw,rdtzj,CANDIDATE
qd1u4k,prvzn,7muqp,0gyzz,CANDIDATE
jmdoug,mqkfy,1irl8,o990u,CANDIDATE
w93mig,gqh8u,wr9pmj,lfh9g,CANDIDATE
tvw3z,lng4s,crhzzj,gvdyp,CANDIDATE
bms1xg,rmussj,ghnea,nlacdk,CANDIDATE
rftgm,srnnd,nbez1,nslny,CANDIDATE
k3wzhf,dkwd6g,h7vy2k,q6045,CANDIDATE
0dwbqi,8tmrei,utcmo,f2gg8g,CANDIDATE
9b9qq,rcdey,h0ia9,ocqxg,CANDIDATE
wkytf,ud9qt,vpkhi,zqoj6,CANDIDATE
9awaf,0q3ct,bl0ang,8unbt,CANDIDATE
83qux,djl94,zhdmw,gcu40l,CANDIDATE
zvcpu,ac36r,yybxm,iancw,CANDIDATE
hjybn,ic7rm,qp7cw,w0hi9,CANDIDATE
qzewp,o1lsi,n5yir,38q3e,CANDIDATE
3vsaz,0ekuu,86v5z,ndzzz,CANDIDATE
nukee,r354d,509yfk,gsy3r,CANDIDATE
k7i1x,5pbt4,nanbt,piif2,CANDIDATE
zr7pt,a0v5n,e27ji,scbiw,CANDIDATE
ir0iyj,5vuc5f,7apsvf,vs7tii,CANDIDATE
7k7ye,4smjc,2s603h,uqfg9h,CANDIDATE
ewcji,lx9c9,91zpl,fejx4,CANDIDATE
vvb6t,4vhmh,onmzt,i68xtl,CANDIDATE
kpattl,zf2c4g,c3guj,49sqc,CANDIDATE
cxxgy,yh0ow,0efrb,cula6,CANDIDATE
u0v71,qs2l7,2nli,hw30mf,CANDIDATE
snwva,79ll9,felnk,w1n5n,CANDIDATE
18ay7,cxsw7,h6ds5,ph9rw,CANDIDATE
2n3m7,nh1zx,3y193,x83mv,CANDIDATE
nvuh4,c5xam,hwyu7,kkmdy,CANDIDATE
mrlgj,mqstx,jbg5j,moub1,CANDIDATE
6l0rv,q9pyj,0xbzs,aj59u,CANDIDATE
4h8ny,9ouqdj,l0z1p,k8otm,CANDIDATE
xuihb,cf1ay,mkl5v,ut3t,CANDIDATE
acewe,2c73yf,5n586,388rtg,CANDIDATE
vc9k6,dyzdrf,e5ffj,297r2,CANDIDATE
wi5m3,0qlgwj,x69an,2hepsh,CANDIDATE
akkof,2298e,gs7u9,blyh9,CANDIDATE
8sqv3,boew4,ab457,szv7h,CANDIDATE
k5ab8,nlbqv,ejhb,p8qzz,CANDIDATE
v3j7v,x02q,cj64d,zo30d,CANDIDATE
84zjs,5che,0977u,h9fjz,CANDIDATE
3zzxe,xnxu6,byza7,ommi3,CANDIDATE
ra313,35xih,rjcq5,bbs49,CANDIDATE
n3tte,fpnza,yot3rl,5suut,CANDIDATE
gdi92,845kz,czquu,r0rqtf,CANDIDATE
aqzmb,08ebqj,6c1n5,gc8mm,CANDIDATE
dkzsb,ykl67,fts57,leyoy,CANDIDATE
eihou,d03zj,sq9qv,nyait,CANDIDATE
fmkpe,na735,jtzjy,dyfd6,CANDIDATE
he68w,xh0rq,nfxh6,8vehz,CANDIDATE
oa0o,qdr4vj,5nxhri,o3fgk,CANDIDATE
l0ngd,mi537,ngb9h,pj99d,CANDIDATE
jyxs8,yv5pcj,h1uho,cez7f,CANDIDATE
yhlydg,ivtmt,u6fbh,zgnrpg,CANDIDATE
mrzoa,ulqswk,m49j5f,130fr,CANDIDATE
pbni7,3onsu,ydcbnh,fvivv,CANDIDATE
25hn2,fw98c,deft4,vwtrt,CANDIDATE
fnqqv,wio0s,1hpzr,j0bg7,CANDIDATE
qb1md,xp73s,7iidh,5scx6,CANDIDATE
iijr5,0epncg,ejkhe,f52rh,CANDIDATE
k5yg3,kv342,kp3tz,8lnm5,CANDIDATE
edyfi,2lj1r,8adns,0ohcn,CANDIDATE
hlkwb,0sjdo,thv3m,a5jsm,CANDIDATE
q6549,o38srj,s2tk2k,n7odb,CANDIDATE
jw9k7j,ps8jo,ykyy9,jbvci,CANDIDATE
hrarl,va72y,zjqpu,ypfzt,CANDIDATE
rn072,3t6cxk,36rmb,pzpvj,CANDIDATE
5ob7j,tosdu,s9sf2,2t1u1,CANDIDATE
xce4yk,bcm3s,pzzv9,hagwmk,CANDIDATE
aivfy,i1a5y,8h7uy,3k18m,CANDIDATE
r28jh,o5q8i,jct4f,xuybo,CANDIDATE
7e03sf,n4qzb,x0ri2f,5meh2,CANDIDATE
rzgmt,93y2c,6vzuf,l6nik,CANDIDATE
5n0v2,cinon,qsmvk,qqlnp,CANDIDATE
51jxl,v9hmy,llzy2,aateh,CANDIDATE
1tc0r,9bb3p,rzhlbk,50ccph,CANDIDATE
xgiljg,tmefl,t9lmp,p123y,CANDIDATE
woio9,bmfzf,2ed12,1h3ln,CANDIDATE
p6u6t,27mshg,srhvr,oxs3n,CANDIDATE
qg5atk,h2d3c,wh7lq,r9f97,CANDIDATE
ju629,a33djg,57u02,fpb4l,CANDIDATE
2m5es,dr085,2stop,avccrh,CANDIDATE
f8yiv,oha4i,nfn15,j2b6e,CANDIDATE
i572s,r40zj,uvgqz,q0e20k,CANDIDATE
u2cje,yxaguf,osk64,aj771,CANDIDATE
d5tim,ymqsj,3vbkhf,ry1l5j,CANDIDATE
vhaz2,tjzyy,rsb2z,gokzvg,CANDIDATE
nztzw,31hyrj,6b6lf,ce5nbg,CANDIDATE
tyaw9h,iof11,sxyh1,oo71i,CANDIDATE
71xtp,sp3no,cr949,xfmi3,CANDIDATE
ho0pwf,efknc,tw3oei,hz3bgg,CANDIDATE
kahch,zrh7zi,8twk1,pv2k6,CANDIDATE
tv4hkf,iyhvn,hee4wg,mz5ef,CANDIDATE
551d5,hmpki,3hehc,u7e8i,CANDIDATE
eexxp,hnuyn,8ru8b,e5zimg,CANDIDATE
yugh8,kfuto,1y2qih,e8rxvf,CANDIDATE
0iepb,xmr3e,ec7av,5da0s,CANDIDATE
ts22v,16e6ii,z84fq,ba0bw,CANDIDATE
ttt31,4wcfvi,c96e6,0f59yk,CANDIDATE
vnma5,3ktie,9tx5w,7u3v,CANDIDATE
jtkvf,2cxeh,fojh6,e9vp7l,CANDIDATE
zktsg,wo7tpk,i82jb,7uph9,CANDIDATE
9n6je,nkbbjg,k4u3el,u1fs5,CANDIDATE
zklo9,6sehjf,ag7yk,sxvv7,CANDIDATE
j6xd7,gme94,gf9lkk,h2wf2,CANDIDATE
sbu91,egqq5,zj1fg,u1w89,CANDIDATE
1tm5ni,9ch1v,6msc2,jfwrr,CANDIDATE
tqnrs,0ua78,wdj1o,wwfnp,CANDIDATE
9iysl,ta6j6,5vhzr,7u7kkl,CANDIDATE
164vo,gq1i4,wqha6,i3ik8,CANDIDATE
7zkao,04hav,tjib2,9q8elj,CANDIDATE
esv2e,ctqflj,6nd52,ilbcm,CANDIDATE
2mh2d,ehasy,z6orz,abbd2,CANDIDATE
mjr2m,h8b8r,yp25l,25w6d,CANDIDATE
6i97x,e4sy4,dtxqgg,4y69k,CANDIDATE
01eqd,9e8gcl,1h7wp,tbcee,CANDIDATE
9stm5,4fcfff,n4ys5,qwlw4,CANDIDATE
qmaqx,4wb5f,ynued,f03a,CANDIDATE
gdkqn,ci6uw,ckm8zj,at46z,CANDIDATE
7hp74,ai3gg,2jvm6,mqss4,CANDIDATE
l9971h,2p91x,27kg1,z9ijc,CANDIDATE
2nqma,acsbt,d5eh2,bx4lbf,CANDIDATE
zwush,ye55u,akay,9o5mx,CANDIDATE
uo7rx,g6uxa,askhxh,2b16r,CANDIDATE
xqob6i,8d8gp,s057a,okbjl,CANDIDATE
2wbua,434yv,wobj7,uawx9,CANDIDATE
02fa9,qr4te,4hbv1g,cfjjhh,CANDIDATE
17ndkh,l62v6,xkmwl,cm12cj,CANDIDATE
ej1ltj,lu2fh,emz2i,wwqwa,CANDIDATE
j73az,fos8q,mkoyn,gabvm,CANDIDATE
5abs8,d2ewp,x60l2,pw3a2,CANDIDATE
b0qyr,ydq7j,zfhl1,mu8q,CANDIDATE
fpohc,22zrq,zz94kg,d13xoj,CANDIDATE
vkx4b,ydu9cg,xhmpq,l1g5a,CANDIDATE
6y551,n90cd,fmceuh,u30fr,CANDIDATE
5o9ww,9ufdti,pbey2,yb41q,CANDIDATE
lqptx,jcvas,cz0j8,4r9hs,CANDIDATE
w0d9y,w5j8lg,4dfah,9wxlf,CANDIDATE
n4tf1,awlnlk,dng43,8jt46l,CANDIDATE
66klu,oakzl,zi6uu,h1uq1,CANDIDATE
13hbg,d2y6si,qp75v,g2rgw,CANDIDATE
0b9t1,7d784,fl0jt,aeuwqf,CANDIDATE
76oth,0mrqw,bmpj2l,d61ec,CANDIDATE
z0ele,nuqxv,9s56b,6i6s6,CANDIDATE
5bpxw,gk86h,23tlp,q8hdjf,CANDIDATE
pr0jvj,a6fsu,7c9n1,1xj3,CANDIDATE
zae96,y26uz,6xfga,kc6kjh,CANDIDATE
akdzw,nthc2,6pzg7,ol56c,CANDIDATE
2fhof,lzc8i,1xao7,pgtem,CANDIDATE
sme3ji,8qe3d,v8ps4j,99atq,CANDIDATE
p7bgm,nlit8,oe0qci,94slvi,CANDIDATE
5hjg9i,jjunc,8cayzj,1ohpb,CANDIDATE
qdhky,jxdvxk,uaicll,vkbpe,CANDIDATE
fqsw7,a9ix3h,pjtln,nuqf2,CANDIDATE
x78z2,hlj71,iay3a,egato,CANDIDATE
61592,4680j,1wbuh,li97x,CANDIDATE
46bq4,rqgpp,0rwl9,tm13r,CANDIDATE
fl7ti,43dnk,lr9h6,74875,CANDIDATE
krx8s,eibwfg,hn7dnl,t3i5xl,CANDIDATE
wlwof,ayby3,a9w4z,z410w,CANDIDATE
0r8wq,2vql5,l6pkkf,l5z04,CANDIDATE
jo1vm,7nanx,s3sbr,au9ld,CANDIDATE
35fubl,v2pmj,vzvx6,s5u72l,CANDIDATE
g91rq,j2wqb,o1mkg,5eoxq,CANDIDATE
wehq1,g4m95,q186ni,1x7rj,CANDIDATE
vp09a,pyej9,4dx5j,pv1hsf,CANDIDATE
z2m3x,rrvbm,jw8phk,vj83a,CANDIDATE
tcwy4,tqalo,rsrs6,6diqo,CANDIDATE
gt5l,ty5w2g,hr90s,s3l9kf,CANDIDATE
mqo49,2r6gv,ayjmu,htljt,CANDIDATE
0z65g,e0kws,r3yjp,q5h1d,CANDIDATE
s5njy,nrixk,qde3qg,jphc4,CANDIDATE
5yj2m,gx0ze,gxkdk,wrvep,CANDIDATE
m8gnx,zawch,bk9q0k,ndsz5,CANDIDATE
w9nf8,xwjcv,0ng6d,7tiv9,CANDIDATE
e1hxei,2m2ol,7f69a,e48n8g,CANDIDATE
7hofgg,4fp7i,89u8a,h7s2v,CANDIDATE
707o4,9bodq,bev75,5hsjf,CANDIDATE
ymtmli,56wpzj,v904ul,d94ag,CANDIDATE
syefb,k62km,cjmnr,p92b,CANDIDATE
b5awr,vd8k1,b7ecsh,skvjih,CANDIDATE
kqatl,9h398,llw3a,mm9iz,CANDIDATE
giqp9,7nsosh,2c5cc,0ztp8,CANDIDATE
rh4xb,gj1w1,fpkw,4nu3e,CANDIDATE
os5yx,fvt9oi,1174zf,54fwbf,CANDIDATE
u6q9o,7z2oy,k63va,uze2o,CANDIDATE
p5mkgj,kkwbs,599d4,0u5e9,CANDIDATE
xei64,naspo,d4n14,ol9zyg,CANDIDATE
nuu4b,3sf6v,7dr31,1dfxfi,CANDIDATE
5x5nc,b02qa,rb3jt,0a8pa,CANDIDATE
8mqjv,c3bnb,augsui,t896ni,CANDIDATE
svu4c,027yn,wtwpj,jf9ig,CANDIDATE
fnyit,33i9w,mi72n,l84t7f,CANDIDATE
rr21mg,3q6rl,rzkgig,jyzqx,CANDIDATE
f6bo2,fso8dj,ydxur,z8v8w,CANDIDATE
qw80oh,sm9rik,n0pay,tl8jil,CANDIDATE
1oet5,xhku2,q3hci,dlk1i,CANDIDATE
pu3ygg,zafey,iktuc,z69nn,CANDIDATE
4v9vbf,cqloi,088j8,14p01,CANDIDATE
xmu3l,1ovbr,9kabp,1qo6t,CANDIDATE
v7mip,kflro,aap2l,pwe0n,CANDIDATE
ik1sd,43dms,b1aon,zpp0n,CANDIDATE
9hojkl,vox7u,wwc4v,bqcql,CANDIDATE
y4f8l,obcw6,q1ry9,89vnl,CANDIDATE
akhp4,39fza,03z5j,8mxqi,CANDIDATE
os9g8,gmxif,o3n7v,36c4lf,CANDIDATE
gkdar,y33vp,a0afc,1m3t3,CANDIDATE
3oxnb,5o1xg,u9wzc,0954q,CANDIDATE
cm0xp,btu9e,epvdn,otl1f,CANDIDATE
zgydq,jwoyy,e5lnsl,9klxpg,CANDIDATE
ujnjq,85ym7,3kzr7,fiqul,CANDIDATE
imwtz,muhpf,g5bj3g,etkf9,CANDIDATE
dfiie,nckma,xhcra,5j3d,CANDIDATE
79qcc,21699,tt9qqk,nzjik,CANDIDATE
ksapgl,que3if,1uilq,tojg9,CANDIDATE
b1b1g,m20pn,qkypa,ynctvj,CANDIDATE
st96i,2yaxvf,jez0c,n0exo,CANDIDATE
o7lqo,emtq8,pwxgx,g0d33,CANDIDATE
j0v8l,afttp,0ru7e,3o4ww,CANDIDATE
2y60yf,zm3pb,b3x8tg,z068j,CANDIDATE
2zicug,7a98o,usp31h,ec0mpk,CANDIDATE
4wm1t,no2wq,5amhrk,oh7ks,CANDIDATE
09mq5,dpqu1,jdiev,brlt3,CANDIDATE
mokwt,jdne6,laowvl,tpqla,CANDIDATE
834a3,vyhrp,bjkucg,xfv2sg,CANDIDATE
mpi85,6t5tw,n4whx,mdepw,CANDIDATE
fn3cig,jbfml,uav6k,8jepd,CANDIDATE
0oc7ll,oigjz,wdaefg,pknvc,CANDIDATE
2kut,0m8k1,aq6ek,yrbv7,CANDIDATE
g7ww1,0ia2q,svkcs,2tuob,CANDIDATE
2oicp,2babx,dsbd,ozn2k,CANDIDATE
ch36e,himg1,y09i2,hg4w1,CANDIDATE
7d5av,4l92f,fbnb6,ym6qd,CANDIDATE
descn,vbuk6,l0jv0g,7vuy5,CANDIDATE
qtmxf,zy3xs,9foyi,mzd8nl,CANDIDATE
jk88af,aul6t,2hnxlf,l1mtj,CANDIDATE
zzd98,bbgqzj,luhku,ld30g,CANDIDATE
9ux7g,x1i6rj,fhz4j,hhvn,CANDIDATE
pixl7,75lgp,tbqj7,v5vuz,CANDIDATE
g7nhck,0uhmu,hysdp,538hh,CANDIDATE
0qvrd,vlqxl,sm9ia,z0unk,CANDIDATE
7dasq,te9gm,kbg78,6nvz6k,CANDIDATE
yihmc,i7jco,d22sh,3hfgdi,CANDIDATE
itcoa,61eac,hrs8l,96gdr,CANDIDATE
zlmw5,lqndl,nwx6p,37lve,CANDIDATE
vfg21,xk1q,sw18,kiv4c,CANDIDATE
hof2b,9a3y6,pgoy9,73psll,CANDIDATE
vdzwu,ue0lh,ufglk,powjh,CANDIDATE
d0nc3,azss0j,u0pnq,d4woh,CANDIDATE
5wm3t,gi1noj,l2y5rl,8npibi,CANDIDATE
2023y,32ndg,qt5orf,12e9dj,CANDIDATE
6cc2q,p2v8b,43895,eky6j,CANDIDATE
mxqn3,qlorl,mhqsi,8s7io,CANDIDATE
hcjha,gtbd1l,3ihj3i,2d44,CANDIDATE
pu23,d6f5u,mgqic,4nakxk,CANDIDATE
cd39ql,wdhzx,zwrcq,o5zph,CANDIDATE
9m02m,lgnc6,hkd1,b72pf,CANDIDATE
ovp8f,ldavf,0b1q3,ujxiz,CANDIDATE
xevil,g6u6x,58sas,mt1is,CANDIDATE
6uzrk,u94jf,r5ddy,n4x8y,CANDIDATE
ztx17,bagwy,gfltk,tcvb6f,CANDIDATE
7r5sw,r71mu,upvbx,1rqu1,CANDIDATE
e72c5i,yz3yqf,v0npy,lymu7,CANDIDATE
mfkewh,rhhjx,utqo4,sjm5q,CANDIDATE
nsswzk,b3m2p,zzcv1,aom2j,CANDIDATE
1bpr7k,gw4c,gh6ng,qexmq,CANDIDATE
np2yn,xaf2x,3kv08i,f05va,CANDIDATE
wsszxi,33ww6,7hn27,p141y,CANDIDATE
qr4l,xgz7b,7q4d8,ry63,CANDIDATE
jt29a,qavai,lwgl3,3zx58,CANDIDATE
uvmt9,5bd66,fwbsj,z4aldf,CANDIDATE
l7cljj,snmib,t6j8o,h2bey,CANDIDATE
nzrto,tmrbyj,l63nf,46ly3,CANDIDATE
pjbav,sspdkf,jiail,swapr,CANDIDATE
gzk1v,73qmq,5udru,qpr64,CANDIDATE
9qgwa,n9x23,ule1d,lix4nl,CANDIDATE
lu6xk,b6kq4g,o077c,izvug,CANDIDATE
kh6ym,nxypk,r70c8h,a8zhj,CANDIDATE
1vfg5,6c2nz,fvie3,anf0k,CANDIDATE
pov8x,24isb,w4jzg,o9ilg,CANDIDATE
q33k9,r2jtrg,3hzrt,t54zv,CANDIDATE
ihmzj,pujbx,c2mh6,w8al8,CANDIDATE
c0dw4,876kf,32m8jg,9mviw,CANDIDATE
kg4hq,jnaxqh,xvx9u,dfojr,CANDIDATE
05i46,ck5eg,pkiq6,ilbfrj,CANDIDATE
n7ofqk,t7a0y,i5oqx,5zda7,CANDIDATE
d7ozj,9damp,n2i5p,gesiqg,CANDIDATE
te4n6,t4z6t,xd84z,2f0ts,CANDIDATE
69h30k,dt9xg,nes74,fb0q2,CANDIDATE
cvxmdj,yz1xu,aumgk,mo5ayi,CANDIDATE
---
feedback,result,interviewersIds,candidateId,vacancyId
un3sa,false,[14],423,98
cxm9i,false,[26],426,141
wergoj,false,[49],176,8
i23hb,true,[47],134,45
e3h37,false,[40],43,25
pgk8u,false,[7],202,36
0ahqz,true,[48],449,130
zqigh,false,[7],208,80
ad9gm,false,[11],441,37
h8wdv,false,[40],306,145
th0ao,false,[31],387,132
e467c,false,[23],493,150
l2jum,false,[8],13,10
bs5scj,false,[20],2,6
jgum6,false,[19],38,69
4qeyb,false,[20],459,141
os4e3,false,[35],370,52
f5l3qi,true,[4],296,19
2cbbq,false,[11],300,6
zs2ss,true,[30],477,127
gbmpd,false,[13],401,31
hvpvq,false,[38],449,100
8grm9,false,[20],110,144
e5wqf,false,[40],316,147
12eyz,false,[17],32,28
bm06s,false,[13],305,9
vjuym,false,[16],429,71
3u9rj,false,[35],485,95
zz3hq,true,[18],350,139
1ly2z,false,[49],230,91
0x1ax,false,[3],148,50
9hvzg,false,[35],302,96
73tll,false,[19],367,121
uz5qb,false,[34],231,18
5le2h,false,[6],363,76
ec8dh,false,[43],160,7
2i15r,false,[42],2,137
z56gzk,false,[19],276,84
9pqrb,false,[2],386,46
0wmez,false,[46],497,99
3tdknj,false,[16],200,25
f54bc,false,[31],151,113
g0h3p,false,[33],20,46
6kpcx,false,[28],211,3
omr15,true,[19],351,69
5j38bg,false,[12],208,111
5wma,false,[1],162,82
c5z7d,false,[34],206,88
elb0x,false,[9],378,150
lkgl5,false,[10],440,109
er69p,false,[12],440,100
n246m,false,[48],290,85
8tglo,false,[7],108,88
rafqm,true,[31],43,124
h2hkt,true,[28],145,119
jgs1o,false,[24],351,30
8cgps,false,[21],176,34
359hi,false,[8],370,56
emdlx,false,[7],332,116
yu2z3k,false,[17],370,100
9vyyd,false,[38],5,63
pgve0i,false,[8],142,59
pdpcrk,true,[16],130,55
pmqkg,false,[21],233,56
lk17f,false,[47],87,123
8cxacj,true,[23],59,26
zdhwzl,false,[32],451,29
o03y1,false,[10],172,38
4x27ef,false,[26],485,59
497el,false,[40],468,140
an0t9,false,[49],257,130
0q823,false,[39],234,46
jwo1w,false,[47],235,63
uyz8o,false,[39],53,36
9380ml,false,[4],252,94
wcfra,false,[49],9,30
gvpne,false,[46],192,41
eek8e,false,[4],156,50
crshs,false,[21],1,41
q254c,true,[14],311,26
dq6ly,false,[46],261,39
yjy4p,false,[28],217,22
d425r,true,[44],121,55
1xzb2k,false,[16],165,1
f2zi6,false,[24],19,38
ffdih,false,[24],497,47
w88qzi,false,[28],124,52
9ijcoi,false,[31],450,51
5rr3hk,false,[3],384,11
e218a,false,[24],276,42
so0yqk,false,[23],152,33
3x1g6,true,[10],360,57
damyp,true,[42],131,75
hzr0vf,false,[44],98,93
82nik,false,[50],38,34
83ljrh,false,[39],173,62
z0rjp,true,[8],436,131
ngrrl,false,[34],278,102
v1lwk,false,[22],378,143
t5cdn,false,[20],436,51
xk55e,false,[20],405,130
6426mh,false,[22],458,104
0qawy,false,[3],46,16
a5pxp,false,[37],287,126
uo4c4,false,[40],447,35
4pesi,false,[49],485,139
7frc3,false,[17],451,136
pglrt,true,[16],240,32
7qmpo,false,[23],493,148
jo1b9,false,[15],290,10
cqecl,false,[17],405,6
vtnyt,false,[2],328,63
i63ea,false,[6],166,5
vsu4r,false,[11],65,94
hhb4s,false,[16],351,124
qtcw1,false,[12],170,23
p3mic,false,[49],416,49
umxyg,false,[18],23,135
z72qu,false,[14],153,63
n2o97,false,[29],211,47
t7tza,false,[29],20,60
pq2ol,false,[28],249,119
2wq31,false,[17],362,80
72d3tl,false,[18],362,1
6wu1f,false,[39],330,143
dqrcx,false,[19],464,94
0n4ghk,true,[13],14,60
bwwuc,false,[4],433,52
d4p16,false,[45],281,120
78d1d,false,[24],265,107
1yp18,false,[10],263,23
hyqbv,false,[46],282,144
glvyg,false,[21],220,29
ywift,false,[14],354,96
an05j,false,[33],206,104
spb3d,false,[12],326,128
8mnbz,false,[23],31,128
6vcy9,false,[15],175,62
zxy5a,false,[17],362,67
kj9zu,false,[6],472,123
54i8vi,false,[12],324,41
54bzu,false,[9],74,13
34ix5,true,[22],268,69
jxc7l,false,[13],439,34
sbezg,false,[45],464,96
uf04e,false,[13],42,48
x0m7j,false,[2],409,142
q2z0u,true,[29],33,137
eia41,false,[39],157,12
4gc37g,false,[13],321,126
f2k0b,false,[30],310,44
dnyxy,false,[4],70,14
g4lykf,false,[7],113,28
tm5o7,false,[46],67,128
53y72,false,[34],157,27
i57tkj,false,[4],351,92
mhqsp,false,[28],208,1
w3p7i,false,[46],370,91
tzr62g,false,[8],453,83
0v0x6i,false,[30],134,140
lvapz,false,[34],485,35
6xl66,false,[20],113,23
lhs6s,false,[24],171,75
39c7s,false,[24],27,36
dirwi,false,[31],215,31
dile3g,true,[44],444,3
qvxsxj,false,[16],112,108
c3ylb,true,[2],437,68
he11k,false,[39],112,135
p33yd,false,[31],498,131
86l3kh,false,[31],284,13
c4h2y,false,[38],3,15
mmwu4,false,[15],308,105
4spwvk,false,[49],465,5
11erc,false,[26],301,69
zl6l4,false,[11],341,52
ltx5og,true,[19],43,12
5xr26,false,[23],252,138
3ti13,false,[1],430,112
072pw,true,[28],24,60
oc8sk,false,[48],166,123
nhy4m,false,[22],230,10
tt18b,false,[44],183,119
76azwh,false,[31],219,112
kuev5k,false,[47],106,35
z5nq9,false,[47],161,39
2vt26,true,[46],236,25
rusah,false,[42],250,29
eeqlr,false,[44],178,124
xnr5ul,false,[47],484,80
vitxg,false,[32],219,118
2jd4s,false,[11],266,72
698p9,false,[31],321,145
psp7b,false,[1],94,115
p9mxbk,false,[46],50,71
hqf8u,true,[38],111,38
ikezd,false,[31],57,50
j4jtr,false,[17],316,52
dmltf,false,[9],8,39
4fuzc,false,[9],187,121
gsc09,false,[37],92,115
yyqy5,false,[14],326,85
9v41ek,false,[32],63,78
4rqjb,false,[7],280,52
qdjw7,false,[46],243,99
gd0tv,false,[1],431,77
3oepd,false,[11],65,101
3p7ml,true,[30],438,31
twj06j,false,[45],411,140
6ak1n,false,[32],296,94
4gw5kf,false,[4],59,123
2svy9,false,[48],69,125
9c4hel,false,[3],84,70
3ca5r,false,[39],372,103
1vlok,false,[12],221,36
whurb,false,[9],88,7
azu53,false,[49],170,140
c0bkrl,false,[40],168,100
cne3p,false,[24],239,71
6u7pgk,false,[1],452,21
3txd6,false,[37],10,91
9nbr2,false,[48],496,59
5pbi4,false,[33],234,49
2svvi,false,[5],329,148
e993o,false,[37],315,21
7j1mv,false,[12],209,144
6p8rt,false,[33],282,25
bse4hj,false,[32],133,112
m8top,false,[42],441,50
lvhy5,false,[49],313,41
x17hdh,false,[50],127,17
vk7g8,false,[29],280,4
mn5gtk,false,[19],5,135
xwbnn,false,[12],129,109
zb46xh,false,[40],229,132
vnbbq,false,[37],127,10
ytm59,false,[10],162,10
q2zwk,false,[3],229,54
cspif,false,[31],292,110
o4wnp,false,[28],163,87
paursl,false,[24],317,106
jaw29,false,[3],82,25
xxc7yk,false,[16],194,4
u11tm,false,[44],203,123
rvrq1j,false,[34],273,85
bfqky,false,[2],200,4
091jt,false,[25],292,7
lgf08,false,[2],63,51
6ftsb,false,[16],125,6
w4ydz,false,[20],221,99
1ttsv,true,[14],152,98
c3oxk,false,[12],400,6
uf4uq,false,[50],444,41
ky65vk,false,[35],487,55
oaqws,false,[32],207,107
4l0uf,false,[10],19,10
wndnq,false,[44],372,54
qrfgs,false,[2],7,102
ernny,false,[25],225,149
sgd8w,false,[23],271,109
rddck,false,[13],367,64
59ez7,false,[7],25,51
xy0ic,false,[33],42,6
8wkh6,false,[45],339,93
dfe9wg,false,[1],447,80
mtqtj,false,[33],129,124
z51k9,false,[19],91,145
pbboi,false,[12],124,91
hvsyu,true,[44],177,115
7a1xw,false,[23],387,110
e5kf1,false,[6],67,50
3w3ir,false,[1],427,121
qq4ng,false,[43],214,103
la4ei,false,[22],359,149
shn6q,false,[29],203,41
ji7az,false,[16],390,44
4eu9wl,false,[42],366,41
z5g00l,false,[11],36,8
v1b8l,false,[49],235,125
vx7jg,false,[33],295,9
nkjcdl,false,[38],31,139
98r5n,false,[43],253,115
89o87,false,[26],468,53
2p8bq,false,[21],38,111
vuwesi,true,[28],307,54
7qx2f,false,[29],47,36
iddgx,false,[11],406,50
el6ju,false,[8],261,92
z7v1j,false,[21],98,86
0occ2,false,[5],302,62
hgbxk,false,[36],100,26
0aa0m,false,[47],108,146
lvbmy,false,[14],344,78
pr3k7,false,[19],442,146
mryur,false,[36],411,97
oadmk,true,[13],35,61
gc1cgj,true,[35],47,81
kjzy6,false,[38],140,81
k490u,false,[32],22,127
6jg3m,false,[48],255,11